"source","target","source_entry_id","target_entry_id","interaction","kgml_type","kgml_subtype","direction","level","confidence","evidence_type","source_urls","notes","needs_manual_review","section"
"TMEM98","MYRF_protein",30,2,"Regulates MYRF protein","PPrel","inhibition","negative","protein","Strong","Primary literature","https://pubmed.ncbi.nlm.nih.gov/30249802/","TMEM98 binds the MYRF C-terminal region and inhibits autocleavage and nuclear translocation.","False",""
"MAG","MYRF_protein",16,2,"Indirectly increases MYRF protein abundance","PPrel","indirect effect","positive","protein","Moderate","Primary literature","https://pmc.ncbi.nlm.nih.gov/articles/PMC9976406/","MAG overexpression increased MYRF protein ; the connection from MAG/FYN to MYRF remains mechanistically unresolved.","False",""
"MYRF_protein","MAG",2,16,"Gene regulated by MYRF","GErel","expression","positive","transcription","Strong","Primary literature","https://journals.plos.org/plosbiology/article?id=10.1371/journal.pbio.1001625","MYRF ChIP-seq occupancy and functional enhancer assays support MAG as a direct MYRF target.","False",""
"GPR37","MYRF_gene",13,1,"Indirectly regulates MYRF gene","GErel","indirect effect","negative","transcription","Strong","Primary literature","https://www.nature.com/articles/ncomms10884","Absence of GPR37 results in enhanced ERK1/2 phosphorylation and translocation to the nucleus, and decrease in the level of the inhibitory bHLH factor Hes5, which negatively regulates Myrf | Looks like it negatively regulates Myrf","False",""
"MYRF_protein","TF",2,28,"Gene regulated by MYRF","GErel","expression","positive","transcription","Strong","Primary literature","https://journals.plos.org/plosbiology/article?id=10.1371/journal.pbio.1001625","MYRF ChIP-seq occupancy and functional enhancer assays support TF as a direct transcriptional target.","False",""
"MYRF_protein","CNTN2",2,5,"Gene regulated by MYRF","GErel","expression","positive","transcription","Strong","Primary literature","https://journals.plos.org/plosbiology/article?id=10.1371/journal.pbio.1001625","MYRF ChIP-seq occupancy and functional enhancer assays support CNTN2 as a direct transcriptional target.","False",""
"MYRF_protein","PLP1",2,24,"Gene regulated by MYRF","GErel","expression","positive","transcription","Strong","Primary literature","https://journals.plos.org/plosbiology/article?id=10.1371/journal.pbio.1001625","MYRF ChIP-seq occupancy and functional enhancer assays support PLP1 as a direct transcriptional target.","False",""
"MYRF_protein","MBP",2,19,"Gene regulated by MYRF","GErel","expression","positive","transcription","Strong","Primary literature","https://journals.plos.org/plosbiology/article?id=10.1371/journal.pbio.1001625","MYRF ChIP-seq occupancy and functional enhancer assays support MBP as a direct transcriptional target.","False",""
"SOX10","MYRF_gene",26,1,"Directly activates MYRF gene transcription","GErel","expression","positive","transcription","Strong","Primary literature","https://pmc.ncbi.nlm.nih.gov/articles/PMC3814293/","SOX10 binds the MYRF ECR9 enhancer and directly activates MYRF transcription.","False",""
"SOX10","MYRF_protein",26,2,"Physically interacts and functionally cooperates with MYRF protein","PPrel","binding/association","neutral","protein","Strong","Primary literature","https://pmc.ncbi.nlm.nih.gov/articles/PMC3814293/","MYRF and SOX10 physically interact and cooperatively activate selected oligodendrocyte regulatory elements ; this is an association, not directional protein activation.","False",""
"MYRF_protein","AATK",2,3,"Gene regulated by MYRF","GErel","expression","positive","transcription","Strong","Primary literature","https://pmc.ncbi.nlm.nih.gov/articles/PMC7026603/ ; https://pubmed.ncbi.nlm.nih.gov/29556912/","","False",""
"HES5","MYRF_gene",14,1,"Indirectly represses MYRF gene through the SOX10 axis","GErel","indirect effect","negative","transcription","Moderate","Primary literature","https://www.nature.com/articles/ncomms10884","HES5 represses SOX10-dependent differentiation ; the GPR37 study links reduced HES5 with increased MYRF, supporting an indirect negative edge.","False",""
"MYRF_protein","MOG",2,20,"Gene regulated by MYRF","GErel","expression","positive","transcription","Strong","Primary literature","https://journals.plos.org/plosbiology/article?id=10.1371/journal.pbio.1001625","MYRF ChIP-seq detected proximal occupancy and MYRF perturbation/overexpression supported positive MOG regulation.","False",""
"MYRF_protein","DUSP15",2,7,"Gene regulated by MYRF","GErel","expression","positive","transcription","Strong","Primary literature","https://onlinelibrary.wiley.com/doi/10.1002/glia.23044","The DUSP15 promoter contains functional MYRF and SOX10 sites and is cooperatively activated by both factors.","False",""
"SOX8","MYRF_gene",27,1,"Indirectly supports MYRF gene expression","GErel","indirect effect","positive","transcription","Moderate","Primary literature","https://pmc.ncbi.nlm.nih.gov/articles/PMC3814293/","SOX8 partially compensates for SOX10 loss and supports residual MYRF/myelin-gene expression ; direct MYRF enhancer binding was not shown.","False",""
"ANGPTL2","MYRF_protein",4,2,"Indirectly increases MYRF protein abundance","PPrel","indirect effect","positive","protein","Moderate","Primary literature","https://pmc.ncbi.nlm.nih.gov/articles/PMC9976406/","ANGPTL2 binds MAG, activates FYN, and increases downstream MYRF protein ; the final link to MYRF remains unresolved.","False",""
"FYN","MYRF_protein",10,2,"Indirectly increases MYRF protein abundance","PPrel","indirect effect","positive","protein","Moderate","Primary literature","https://pmc.ncbi.nlm.nih.gov/articles/PMC9976406/","FYN activation lies downstream of ANGPTL2-MAG and correlates with increased MYRF protein ; direct MYRF transcription was not shown.","False",""
"MAPK1","MYRF_gene",17,1,"Indirectly regulates MYRF gene","GErel","indirect effect","positive","transcription","Moderate","Primary literature","https://pmc.ncbi.nlm.nih.gov/articles/PMC4244469/","Combined ERK1/2 manipulation altered MYRF expression ; the individual MAPK1 contribution was not resolved.","False",""
"MAPK3","MYRF_gene",18,1,"Indirectly regulates MYRF gene","GErel","indirect effect","positive","transcription","Moderate","Primary literature","https://pmc.ncbi.nlm.nih.gov/articles/PMC4244469/","Combined ERK1/2 manipulation altered MYRF expression ; the individual MAPK3 contribution was not resolved.","False",""
"MYRF_protein","RFFL",2,25,"Gene regulated by MYRF","GErel","expression","positive","transcription","Strong","Primary literature","https://journals.plos.org/plosbiology/article?id=10.1371/journal.pbio.1001625","","False",""
"MYRF_protein","NFASC",2,22,"Gene regulated by MYRF","GErel","expression","positive","transcription","Strong","Primary literature","https://journals.plos.org/plosbiology/article?id=10.1371/journal.pbio.1001625","","False",""
"MYRF_protein","GJC2",2,12,"Gene regulated by MYRF","GErel","expression","positive","transcription","Strong","Primary literature","https://pmc.ncbi.nlm.nih.gov/articles/PMC3814293/","","False",""
"MYRF_protein","GJB1",2,11,"Gene regulated by MYRF","GErel","expression","positive","transcription","Strong","Primary literature","https://pmc.ncbi.nlm.nih.gov/articles/PMC3814293/","","False",""
"MYRF_protein","MPZ",2,21,"Represses promoter/enhancer activity in reporter assays","GErel","repression","negative","transcription","Moderate","Primary literature","https://pmc.ncbi.nlm.nih.gov/articles/PMC3814293/","MYRF reduced SOX10-responsive Schwann-cell regulatory element activity in heterologous reporter assays ; in-vivo gene repression was not established.","False",""
"MYRF_protein","EGR2",2,8,"Represses promoter/enhancer activity in reporter assays","GErel","repression","negative","transcription","Moderate","Primary literature","https://pmc.ncbi.nlm.nih.gov/articles/PMC3814293/","MYRF reduced SOX10-responsive Schwann-cell regulatory element activity in heterologous reporter assays ; in-vivo gene repression was not established.","False",""
"MYRF_protein","TGFB2",2,29,"Represses SOX10-dependent TGFB2 expression","GErel","repression","negative","transcription","Strong","Primary literature","https://pmc.ncbi.nlm.nih.gov/articles/PMC7026603/","Functional repression was observed in reporter assays and primary oligodendrocytes ; MYRF did not bind the examined regulatory region.","False",""
"MYRF_protein","ID4",2,15,"Represses SOX10-dependent ID4 expression","GErel","repression","negative","transcription","Strong","Primary literature","https://pmc.ncbi.nlm.nih.gov/articles/PMC7026603/","Functional repression was observed in reporter assays and primary oligodendrocytes ; MYRF did not bind the examined regulatory region.","False",""
"MYRF_protein","WNT7A",2,31,"Represses SOX10-dependent WNT7A expression","GErel","repression","negative","transcription","Strong","Primary literature","https://pmc.ncbi.nlm.nih.gov/articles/PMC7026603/","Functional repression was observed in reporter assays and primary oligodendrocytes ; MYRF did not bind the examined regulatory region.","False",""
"MYRF_protein","CSPG4",2,6,"Represses SOX10-dependent CSPG4 expression","GErel","repression","negative","transcription","Strong","Primary literature","https://pmc.ncbi.nlm.nih.gov/articles/PMC7026603/","Functional repression was observed in reporter assays and primary oligodendrocytes ; MYRF did not bind the examined regulatory region.","False",""
"MYRF_protein","PDGFRA",2,23,"Represses SOX10-dependent PDGFRA expression","GErel","repression","negative","transcription","Strong","Primary literature","https://pmc.ncbi.nlm.nih.gov/articles/PMC7026603/","Functional repression was observed in reporter assays and primary oligodendrocytes ; MYRF did not bind the examined regulatory region.","False",""
"FBXW7","MYRF_protein",9,2,"Ubiquitinates and promotes proteasomal degradation of MYRF protein","PPrel","ubiquitination","negative","protein","Strong","Primary literature","https://pmc.ncbi.nlm.nih.gov/articles/PMC12370921/ ; https://pmc.ncbi.nlm.nih.gov/articles/PMC5900774/","FBXW7 binds the MYRF N-terminal fragment, promotes ubiquitination and proteasomal degradation, and reduces MYRF protein stability.","False",""
"MYRF_gene","MYRF_protein",1,2,"gene_to_protein_expression","GErel","expression","positive","gene","Strong","synthetic","https://journals.plos.org/plosbiology/article?id=10.1371/journal.pbio.1001625","MYRF is translated as an ER-membrane precursor and undergoes autoproteolytic cleavage; the N-terminal trimer enters the nucleus.","False",""
