entry_id,node_id,display_name,kgml_name,kgml_type,x,y,width,height,role,confidence
1,MYRF_gene,MYRF (gene),hsa:745,gene,480,319,80,30,,
2,MYRF_protein,MYRF (protein),hsa:745,gene,480,496,80,30,,
3,AATK,AATK,hsa:9625,gene,1120,173,80,30,,
4,ANGPTL2,ANGPTL2,custom:ANGPTL2,gene,80,129,80,30,,
5,CNTN2,CNTN2,hsa:6900,gene,1120,211,80,30,,
6,CSPG4,Cspg4,hsa:1464,gene,1120,249,80,30,,
7,DUSP15,DUSP15,hsa:128853,gene,1120,287,80,30,,
8,EGR2,Krox20 (MSE),hsa:1959,gene,1120,325,80,30,,
9,FBXW7,FBXW7,hsa:55294,gene,80,167,80,30,,
10,FYN,FYN,hsa:2534,gene,80,205,80,30,,
11,GJB1,Cx-32 P2,hsa:2705,gene,1120,363,80,30,,
12,GJC2,Cx-47 1b,hsa:57165,gene,1120,401,80,30,,
13,GPR37,GPR37,custom:GPR37,gene,80,243,80,30,,
14,HES5,HES5,custom:HES5,gene,80,281,80,30,,
15,ID4,Id4,hsa:3400,gene,1120,439,80,30,,
16,MAG,MAG,hsa:4099,gene,80,433,80,30,,
17,MAPK1,ERK1/2,hsa:5594,gene,80,319,80,30,,
18,MAPK3,ERK1/2,hsa:5595,gene,80,357,80,30,,
19,MBP,MBP,hsa:4155,gene,1120,477,80,30,,
20,MOG,MOG,hsa:4340,gene,1120,515,80,30,,
21,MPZ,Mpz,hsa:4359,gene,1120,553,80,30,,
22,NFASC,Nfasc,hsa:23114,gene,1120,591,80,30,,
23,PDGFRA,Pdgfra,hsa:5156,gene,1120,629,80,30,,
24,PLP1,PLP1,hsa:5354,gene,1120,667,80,30,,
25,RFFL,Rffl,hsa:117584,gene,1120,705,80,30,,
26,SOX10,SOX10,hsa:6663,gene,80,493,80,30,,
27,SOX8,SOX8,hsa:30812,gene,80,395,80,30,,
28,TF,Trf (Transferin),hsa:7018,gene,1120,743,80,30,,
29,TGFB2,Tgfb2,hsa:7042,gene,1120,781,80,30,,
30,TMEM98,TMEM98,hsa:26022,gene,80,531,80,30,,
31,WNT7A,Wnt7a,hsa:7476,gene,1120,820,80,30,,
