"source","target","kegg_edge_subtype","kegg_edge_value","kgml_type","direction","regulation_level","confidence","evidence_type","source_urls","notes","needs_manual_review"
"TMEM98","MYRF_protein","inhibition","--|","PPrel","negative","protein","Strong","hTFtarget","https://pubmed.ncbi.nlm.nih.gov/30249802/ ; https://www.uniprot.org/uniprotkb/Q9Y2Y6/entry","Coexpressed with SOX10. Bind to C-terminal of MYRF",False
"MAG","MYRF_gene","indirect effect","..>","GErel","positive","transcription","Strong","Table S3","https://pmc.ncbi.nlm.nih.gov/articles/PMC9976406/ ; https://journals.plos.org/plosbiology/article?id=10.1371/journal.pbio.1001625","Interact with FYN",False
"MAG","MYRF_gene","others/unknown","?","GErel","positive","unknown","Strong","Table S3","https://pmc.ncbi.nlm.nih.gov/articles/PMC9976406/ ; https://journals.plos.org/plosbiology/article?id=10.1371/journal.pbio.1001625","Interact with FYN",True
"MYRF_protein","MAG","expression","-->","GErel","positive","transcription","Strong","Table S3","https://pmc.ncbi.nlm.nih.gov/articles/PMC9976406/ ; https://journals.plos.org/plosbiology/article?id=10.1371/journal.pbio.1001625","Interact with FYN",False
"GPR37","MYRF_gene","indirect effect","..>","GErel","negative","transcription","Strong","Table S3","https://www.nature.com/articles/ncomms10884","Absence of GPR37 results in enhanced ERK1/2 phosphorylation and translocation to the nucleus, and decrease in the level of the inhibitory bHLH factor Hes5, which negatively regulates Myrf | Looks like it negatively regulates Myrf",False
"MYRF_protein","TF","expression","-->","GErel","positive","transcription","Strong","Table S3","https://journals.plos.org/plosbiology/article?id=10.1371/journal.pbio.1001625 ; https://pubmed.ncbi.nlm.nih.gov/36977582/ ; https://pmc.ncbi.nlm.nih.gov/articles/PMC12052213/#pgen.1011670.g004","In four cases (Mag, Rffl, and the two Nfasc peaks) PCR mutagenesis of the CTGGYAC motif completely abolished the effect of MYRF. In the other two cases (Cntn2 and Trf), mutation of the motif had no effect on the ability of MYRF to enhance transcription from these DNA regions, however other close matches for the CTGGYAC motif present in these enhancers may suggest redundancy in binding and explain the retained function.",False
"MYRF_protein","CNTN2","expression","-->","GErel","positive","transcription","Strong","Table S3","https://pubmed.ncbi.nlm.nih.gov/29165835/ ; https://journals.plos.org/plosbiology/article?id=10.1371/journal.pbio.1001625","",False
"MYRF_protein","PLP1","expression","-->","GErel","positive","transcription","Strong","Table S3","https://journals.plos.org/plosbiology/article?id=10.1371/journal.pbio.1001625 ; https://pubmed.ncbi.nlm.nih.gov/34230963/","",False
"MYRF_protein","MBP","expression","-->","GErel","positive","transcription","Strong","Table S3","https://journals.plos.org/plosbiology/article?id=10.1371/journal.pbio.1001625 ; https://pmc.ncbi.nlm.nih.gov/articles/PMC7446974/","",False
"SOX10","MYRF_gene","expression","-->","GErel","positive","transcription","Strong","GPT Deep Research","https://pmc.ncbi.nlm.nih.gov/articles/PMC7026603/ ; https://pmc.ncbi.nlm.nih.gov/articles/PMC3814293/","Myrf is not only genetically downstream of Sox10, but also represents a direct Sox10 target gene. The combination of Sox10 and Myrf led to a dramatic synergistic activation of the Cx-47 1b, the Cx-32 P2 and the Mag promoter. Other regulatory regions such as the Plp WmN1 enhancer and the 3 kb Mbp upstream region did not exhibit a synergistic response in the presence of Sox10 and Myrf. The Mpz promoter and the MSE enhancer of the Krox20 gene as Schwann cell-specific regulatory regions were even reduced in their activity by Myrf, and were less Sox10-responsive in the presence of Myrf.",False
"SOX10","MYRF_protein","activation","-->","PPrel","positive","protein","Strong","GPT Deep Research","https://pmc.ncbi.nlm.nih.gov/articles/PMC7026603/ ; https://pmc.ncbi.nlm.nih.gov/articles/PMC3814293/","Myrf is not only genetically downstream of Sox10, but also represents a direct Sox10 target gene. The combination of Sox10 and Myrf led to a dramatic synergistic activation of the Cx-47 1b, the Cx-32 P2 and the Mag promoter. Other regulatory regions such as the Plp WmN1 enhancer and the 3 kb Mbp upstream region did not exhibit a synergistic response in the presence of Sox10 and Myrf. The Mpz promoter and the MSE enhancer of the Krox20 gene as Schwann cell-specific regulatory regions were even reduced in their activity by Myrf, and were less Sox10-responsive in the presence of Myrf.",False
"MYRF_protein","SOX10","activation","-->","PPrel","positive","protein","Strong","GPT Deep Research","https://pmc.ncbi.nlm.nih.gov/articles/PMC7026603/ ; https://pmc.ncbi.nlm.nih.gov/articles/PMC3814293/","Myrf is not only genetically downstream of Sox10, but also represents a direct Sox10 target gene. The combination of Sox10 and Myrf led to a dramatic synergistic activation of the Cx-47 1b, the Cx-32 P2 and the Mag promoter. Other regulatory regions such as the Plp WmN1 enhancer and the 3 kb Mbp upstream region did not exhibit a synergistic response in the presence of Sox10 and Myrf. The Mpz promoter and the MSE enhancer of the Krox20 gene as Schwann cell-specific regulatory regions were even reduced in their activity by Myrf, and were less Sox10-responsive in the presence of Myrf.",False
"MYRF_protein","AATK","expression","-->","GErel","positive","transcription","Strong","GPT Deep Research","https://pmc.ncbi.nlm.nih.gov/articles/PMC7026603/ ; https://pubmed.ncbi.nlm.nih.gov/29556912/","",False
"HES5","MYRF_gene","indirect effect","..>","GErel","negative","transcription","Strong","GPT Deep Research","https://www-nature-com.libproxy1.nus.edu.sg/articles/ncomms10884#Sec1","The repressive effect of Hes5 on Mash1 and Sox10 expression was dependent on its ability to bind to DNA, because overexpression of tHes5 did not affect the levels of these two activators, even though it still inhibited myelin promoter activity. An alternative possibility was to hypothesize the existence of a mechanism of repression owing to Hes5-dependent sequestration of Sox10.",False
"MYRF_protein","MOG","expression","-->","GErel","positive","transcription","Strong","UniProt","https://www.uniprot.org/uniprotkb/Q9Y2G1/entry","",False
"MYRF_protein","DUSP15","expression","-->","GErel","positive","transcription","Strong","UniProt","https://www.uniprot.org/uniprotkb/Q9Y2G1/entry","",False
"SOX8","MYRF_gene","others/unknown","?","GErel","positive","unknown","Strong","Literature","https://pmc.ncbi.nlm.nih.gov/articles/PMC3814293/","The residual myelin gene expression in the absence of Sox10 was completely lost when Sox8 was additionally deleted. Again this confirms previous findings that the two closely related Sox proteins participate in OL development and perform partially redundant functions. Previous findings had already established that the impact of Sox10 on OL development is stronger than the impact of Sox8, and that both proteins have similar, but not identical functions. This agrees with our finding that Sox8 allows some minor degree of myelin gene expression in the absence of Sox10, but no myelin formation.",True
"ANGPTL2","MYRF_gene","indirect effect","..>","GErel","positive","transcription","Strong","Literature","https://pmc.ncbi.nlm.nih.gov/articles/PMC9976406/","Regulate via FYN",False
"FYN","MYRF_gene","expression","-->","GErel","positive","transcription","Strong","Literature","https://pmc.ncbi.nlm.nih.gov/articles/PMC9976406/#Sec2","",False
"FYN","MYRF_gene","indirect effect","..>","GErel","positive","transcription","Strong","Literature","https://pmc.ncbi.nlm.nih.gov/articles/PMC9976406/#Sec2","",False
"MAPK1","MYRF_gene","indirect effect","..>","GErel","positive","transcription","Strong","Literature","https://pmc.ncbi.nlm.nih.gov/articles/PMC4244469/","Myrf mRNA levels increased incrementally with increasing Mek gene dosage (ERK1/2)",False
"MAPK3","MYRF_gene","indirect effect","..>","GErel","positive","transcription","Strong","Literature","https://pmc.ncbi.nlm.nih.gov/articles/PMC4244469/","Myrf mRNA levels increased incrementally with increasing Mek gene dosage (ERK1/2)",False
"MYRF_protein","RFFL","expression","-->","GErel","positive","transcription","Strong","Literature","https://journals.plos.org/plosbiology/article?id=10.1371/journal.pbio.1001625","",False
"MYRF_protein","NFASC","expression","-->","GErel","positive","transcription","Strong","Literature","https://journals.plos.org/plosbiology/article?id=10.1371/journal.pbio.1001625","",False
"MYRF_protein","GJC2","expression","-->","GErel","positive","transcription","Strong","Literature","https://pmc.ncbi.nlm.nih.gov/articles/PMC3814293/","",False
"MYRF_protein","GJB1","expression","-->","GErel","positive","transcription","Strong","Literature","https://pmc.ncbi.nlm.nih.gov/articles/PMC3814293/","",False
"MYRF_protein","MPZ","repression","--|","GErel","negative","transcription","Strong","Literature","https://pmc.ncbi.nlm.nih.gov/articles/PMC3814293/","",False
"MYRF_protein","EGR2","repression","--|","GErel","negative","transcription","Strong","Literature","https://pmc.ncbi.nlm.nih.gov/articles/PMC3814293/","",False
"MYRF_protein","TGFB2","repression","--|","GErel","negative","transcription","Strong","Literature","https://pmc.ncbi.nlm.nih.gov/articles/PMC7026603/","",False
"MYRF_protein","ID4","repression","--|","GErel","negative","transcription","Strong","Literature","https://pmc.ncbi.nlm.nih.gov/articles/PMC7026603/","",False
"MYRF_protein","WNT7A","repression","--|","GErel","negative","transcription","Strong","Literature","https://pmc.ncbi.nlm.nih.gov/articles/PMC7026603/","",False
"MYRF_protein","CSPG4","repression","--|","GErel","negative","transcription","Strong","Literature","https://pmc.ncbi.nlm.nih.gov/articles/PMC7026603/","",False
"MYRF_protein","PDGFRA","repression","--|","GErel","negative","transcription","Strong","Literature","https://pmc.ncbi.nlm.nih.gov/articles/PMC7026603/","",False
"FBXW7","MYRF_gene","repression","--|","GErel","negative","transcription","Strong","Gemini","https://pmc.ncbi.nlm.nih.gov/articles/PMC12370921/","",False
"MYRF_gene","MYRF_protein","expression","-->","GErel","positive","gene","Strong","biology","","Biological fact: MYRF undergoes autoproteolytic cleavage; N-terminal fragment translocates to nucleus as active TF.",False
