"node_id","display_name","original_label","ensembl_id","kegg_node_type","biological_entity_type","role","compartment","stage","confidence","source_urls","notes","needs_manual_review"
"AATK","AATK","AATK","ENSG00000181409","gene","enzyme","downstream_target","","","Strong","https://pmc.ncbi.nlm.nih.gov/articles/PMC7026603/ ; https://pubmed.ncbi.nlm.nih.gov/29556912/","",False
"ANGPTL2","ANGPTL2","ANGPTL2","ENSG00000136859","gene","protein","upstream_regulator","","","Moderate","https://pmc.ncbi.nlm.nih.gov/articles/PMC9976406/","ANGPTL2 binds MAG, activates FYN, and increases downstream MYRF protein; the final link to MYRF remains unresolved.",False
"CNTN2","CNTN2","CNTN2","ENSG00000184144","gene","protein","downstream_target","","","Strong","https://journals.plos.org/plosbiology/article?id=10.1371/journal.pbio.1001625","MYRF ChIP-seq occupancy and functional enhancer assays support CNTN2 as a direct transcriptional target.",False
"CSPG4","Cspg4","Cspg4","ENSG00000173546","gene","protein","downstream_target","","","Strong","https://pmc.ncbi.nlm.nih.gov/articles/PMC7026603/","Functional repression was observed in reporter assays and primary oligodendrocytes; MYRF did not bind the examined regulatory region.",False
"DUSP15","DUSP15","DUSP15","ENSG00000149599","gene","enzyme","downstream_target","","","Strong","https://onlinelibrary.wiley.com/doi/10.1002/glia.23044","The DUSP15 promoter contains functional MYRF and SOX10 sites and is cooperatively activated by both factors.",False
"EGR2","Krox20 (MSE)","Krox20 (MSE)","ENSG00000122877","gene","transcription_factor","downstream_target","","","Moderate","https://pmc.ncbi.nlm.nih.gov/articles/PMC3814293/","MYRF reduced SOX10-responsive Schwann-cell regulatory element activity in heterologous reporter assays; in-vivo gene repression was not established.",False
"FBXW7","FBXW7","FBXW7","ENSG00000109670","gene","enzyme","upstream_regulator","","","Strong","https://pmc.ncbi.nlm.nih.gov/articles/PMC12370921/ ; https://pmc.ncbi.nlm.nih.gov/articles/PMC5900774/","FBXW7 binds the MYRF N-terminal fragment, promotes ubiquitination and proteasomal degradation, and reduces MYRF protein stability.",False
"FYN","FYN","FYN","ENSG00000010810","gene","enzyme","candidate_context","","","Excluded","https://pmc.ncbi.nlm.nih.gov/articles/PMC9976406/#Sec2; https://pmc.ncbi.nlm.nih.gov/articles/PMC9976406/","Excluded: the source does not establish direct transcriptional regulation of MYRF by FYN; it supports one indirect protein-abundance edge.",False
"GJB1","Cx-32 P2","Cx-32 P2","ENSG00000169562","gene","protein","downstream_target","","","Strong","https://pmc.ncbi.nlm.nih.gov/articles/PMC3814293/","",False
"GJC2","Cx-47 1b","Cx-47 1b","ENSG00000198835","gene","protein","downstream_target","","","Strong","https://pmc.ncbi.nlm.nih.gov/articles/PMC3814293/","",False
"GPR37","GPR37","GPR37","ENSG00000170775","gene","protein","upstream_regulator","","","Strong","https://www.nature.com/articles/ncomms10884","Absence of GPR37 results in enhanced ERK1/2 phosphorylation and translocation to the nucleus, and decrease in the level of the inhibitory bHLH factor Hes5, which negatively regulates Myrf | Looks like it negatively regulates Myrf",False
"HES5","HES5","HES5","ENSG00000197921","gene","transcription_factor","upstream_regulator","","","Moderate","https://www.nature.com/articles/ncomms10884","HES5 represses SOX10-dependent differentiation; the GPR37 study links reduced HES5 with increased MYRF, supporting an indirect negative edge.",False
"ID4","Id4","Id4","ENSG00000172201","gene","transcription_factor","downstream_target","","","Strong","https://pmc.ncbi.nlm.nih.gov/articles/PMC7026603/","Functional repression was observed in reporter assays and primary oligodendrocytes; MYRF did not bind the examined regulatory region.",False
"MAG","MAG","MAG","ENSG00000105695","gene","protein","upstream_regulator","","","Moderate","https://pmc.ncbi.nlm.nih.gov/articles/PMC9976406/; https://pmc.ncbi.nlm.nih.gov/articles/PMC9976406/ ; https://journals.plos.org/plosbiology/article?id=10.1371/journal.pbio.1001625; https://journals.plos.org/plosbiology/article?id=10.1371/journal.pbio.1001625","MAG overexpression increased MYRF protein; the connection from MAG/FYN to MYRF remains mechanistically unresolved.",False
"MAPK1","MAPK1 (ERK2)","MAPK1 (ERK2)","ENSG00000100030","gene","enzyme","upstream_regulator","","","Moderate","https://pmc.ncbi.nlm.nih.gov/articles/PMC4244469/","Combined ERK1/2 manipulation altered MYRF expression; the individual MAPK1 contribution was not resolved.",False
"MAPK3","MAPK3 (ERK1)","MAPK3 (ERK1)","ENSG00000102882","gene","enzyme","upstream_regulator","","","Moderate","https://pmc.ncbi.nlm.nih.gov/articles/PMC4244469/","Combined ERK1/2 manipulation altered MYRF expression; the individual MAPK3 contribution was not resolved.",False
"MBP","MBP","MBP","ENSG00000197971","gene","protein","downstream_target","","","Strong","https://journals.plos.org/plosbiology/article?id=10.1371/journal.pbio.1001625","MYRF ChIP-seq occupancy and functional enhancer assays support MBP as a direct transcriptional target.",False
"MOG","MOG","MOG","ENSG00000204655","gene","protein","downstream_target","","","Strong","https://journals.plos.org/plosbiology/article?id=10.1371/journal.pbio.1001625","MYRF ChIP-seq detected proximal occupancy and MYRF perturbation/overexpression supported positive MOG regulation.",False
"MPZ","Mpz","Mpz","ENSG00000158887","gene","protein","downstream_target","","","Moderate","https://pmc.ncbi.nlm.nih.gov/articles/PMC3814293/","MYRF reduced SOX10-responsive Schwann-cell regulatory element activity in heterologous reporter assays; in-vivo gene repression was not established.",False
"MYRF_gene","MYRF (gene)","MYRF","ENSG00000124920","gene","gene","core_hub","","","Strong","https://journals.plos.org/plosbiology/article?id=10.1371/journal.pbio.1001625 ; https://www.uniprot.org/uniprotkb/Q9Y2Y6/entry","MYRF is an ER-membrane precursor that self-cleaves; the N-terminal trimer enters the nucleus and activates myelin genes.",False
"MYRF_protein","MYRF (protein)","MYRF","ENSG00000124920","gene","transcription_factor","core_hub","","","Strong","https://journals.plos.org/plosbiology/article?id=10.1371/journal.pbio.1001625 ; https://www.uniprot.org/uniprotkb/Q9Y2Y6/entry","MYRF is an ER-membrane precursor that self-cleaves; the N-terminal trimer enters the nucleus and activates myelin genes.",False
"NFASC","Nfasc","Nfasc","ENSG00000163531","gene","protein","downstream_target","","","Strong","https://journals.plos.org/plosbiology/article?id=10.1371/journal.pbio.1001625","",False
"PDGFRA","Pdgfra","Pdgfra","ENSG00000134853","gene","protein","downstream_target","","","Strong","https://pmc.ncbi.nlm.nih.gov/articles/PMC7026603/","Functional repression was observed in reporter assays and primary oligodendrocytes; MYRF did not bind the examined regulatory region.",False
"PLP1","PLP1","PLP1","ENSG00000123560","gene","protein","downstream_target","","","Strong","https://journals.plos.org/plosbiology/article?id=10.1371/journal.pbio.1001625; https://pmc.ncbi.nlm.nih.gov/articles/PMC3814293/","MYRF ChIP-seq occupancy and functional enhancer assays support PLP1 as a direct transcriptional target.",False
"RFFL","Rffl","Rffl","ENSG00000092871","gene","enzyme","downstream_target","","","Strong","https://journals.plos.org/plosbiology/article?id=10.1371/journal.pbio.1001625","",False
"SOX10","SOX10","SOX10","ENSG00000100146","gene","transcription_factor","upstream_regulator","","","Strong","https://pmc.ncbi.nlm.nih.gov/articles/PMC3814293/; https://pmc.ncbi.nlm.nih.gov/articles/PMC3814293/; https://pmc.ncbi.nlm.nih.gov/articles/PMC7026603/ ; https://pmc.ncbi.nlm.nih.gov/articles/PMC3814293/","SOX10 binds the MYRF ECR9 enhancer and directly activates MYRF transcription.",False
"SOX8","SOX8","SOX8","ENSG00000005513","gene","transcription_factor","upstream_regulator","","","Moderate","https://pmc.ncbi.nlm.nih.gov/articles/PMC3814293/","SOX8 partially compensates for SOX10 loss and supports residual MYRF/myelin-gene expression; direct MYRF enhancer binding was not shown.",False
"TF","Trf (Transferin)","Trf (Transferin)","ENSG00000091513","gene","protein","downstream_target","","","Strong","https://journals.plos.org/plosbiology/article?id=10.1371/journal.pbio.1001625","MYRF ChIP-seq occupancy and functional enhancer assays support TF as a direct transcriptional target.",False
"TGFB2","Tgfb2","Tgfb2","ENSG00000092969","gene","protein","downstream_target","","","Strong","https://pmc.ncbi.nlm.nih.gov/articles/PMC7026603/","Functional repression was observed in reporter assays and primary oligodendrocytes; MYRF did not bind the examined regulatory region.",False
"TMEM98","TMEM98","TMEM98","ENSG00000006042","gene","protein","upstream_regulator","","","Strong","https://pubmed.ncbi.nlm.nih.gov/30249802/","TMEM98 binds the MYRF C-terminal region and inhibits autocleavage and nuclear translocation.",False
"WNT7A","Wnt7a","Wnt7a","ENSG00000154764","gene","protein","downstream_target","","","Strong","https://pmc.ncbi.nlm.nih.gov/articles/PMC7026603/","Functional repression was observed in reporter assays and primary oligodendrocytes; MYRF did not bind the examined regulatory region.",False
