source,target,primary_relationship,kegg_edge_subtype,direction,regulation_level,confidence,primary_source,evidence_summary
TMEM98,MYRF_protein,Regulates MYRF protein,inhibition,negative,protein,Strong,https://pubmed.ncbi.nlm.nih.gov/30249802/,TMEM98 binding blocks MYRF autocleavage and nuclear translocation.
MAG,MYRF_protein,Indirectly increases MYRF protein abundance,indirect effect,positive,protein,Moderate,https://pmc.ncbi.nlm.nih.gov/articles/PMC9976406/,MAG-FYN signaling increases MYRF protein but the final mechanism is unresolved.
MYRF_protein,MAG,Gene regulated by MYRF,expression,positive,transcription,Strong,https://journals.plos.org/plosbiology/article?id=10.1371/journal.pbio.1001625,MYRF ChIP-seq occupancy and enhancer assays support direct MAG activation.
GPR37,MYRF_gene,Indirectly regulates MYRF gene,indirect effect,negative,transcription,Strong,https://www.nature.com/articles/ncomms10884,GPR37 loss elevates ERK activity and MYRF while reducing HES5.
MYRF_protein,TF,Gene regulated by MYRF,expression,positive,transcription,Strong,https://journals.plos.org/plosbiology/article?id=10.1371/journal.pbio.1001625,MYRF ChIP-seq occupancy and enhancer assays support transferrin activation.
MYRF_protein,CNTN2,Gene regulated by MYRF,expression,positive,transcription,Strong,https://journals.plos.org/plosbiology/article?id=10.1371/journal.pbio.1001625,MYRF ChIP-seq occupancy and enhancer assays support CNTN2 activation.
MYRF_protein,PLP1,Gene regulated by MYRF,expression,positive,transcription,Strong,https://journals.plos.org/plosbiology/article?id=10.1371/journal.pbio.1001625,MYRF ChIP-seq occupancy and enhancer assays support PLP1 activation.
MYRF_protein,MBP,Gene regulated by MYRF,expression,positive,transcription,Strong,https://journals.plos.org/plosbiology/article?id=10.1371/journal.pbio.1001625,MYRF ChIP-seq occupancy and enhancer assays support MBP activation.
SOX10,MYRF_gene,Directly activates MYRF gene transcription,expression,positive,transcription,Strong,https://pmc.ncbi.nlm.nih.gov/articles/PMC3814293/,SOX10 directly binds and activates the MYRF ECR9 enhancer.
SOX10,MYRF_protein,Physically interacts and functionally cooperates with MYRF protein,binding/association,neutral,protein,Strong,https://pmc.ncbi.nlm.nih.gov/articles/PMC3814293/,MYRF and SOX10 physically associate and cooperatively activate selected regulatory elements.
MYRF_protein,AATK,Gene regulated by MYRF,expression,positive,transcription,Strong,https://pmc.ncbi.nlm.nih.gov/articles/PMC7026603/,AATK is a bound and activated oligodendrocyte-specific MYRF-SOX10 target.
HES5,MYRF_gene,Indirectly represses MYRF gene through the SOX10 axis,indirect effect,negative,transcription,Moderate,https://www.nature.com/articles/ncomms10884,HES5 suppresses the SOX10 differentiation axis and is inversely linked to MYRF.
MYRF_protein,MOG,Gene regulated by MYRF,expression,positive,transcription,Strong,https://journals.plos.org/plosbiology/article?id=10.1371/journal.pbio.1001625,MYRF ChIP-seq and expression perturbation support MOG activation.
MYRF_protein,DUSP15,Gene regulated by MYRF,expression,positive,transcription,Strong,https://onlinelibrary.wiley.com/doi/10.1002/glia.23044,Functional MYRF and SOX10 sites cooperatively activate the DUSP15 promoter.
SOX8,MYRF_gene,Indirectly supports MYRF gene expression,indirect effect,positive,transcription,Moderate,https://pmc.ncbi.nlm.nih.gov/articles/PMC3814293/,SOX8 partially compensates for SOX10 loss without evidence of direct MYRF enhancer binding.
ANGPTL2,MYRF_protein,Indirectly increases MYRF protein abundance,indirect effect,positive,protein,Moderate,https://pmc.ncbi.nlm.nih.gov/articles/PMC9976406/,ANGPTL2 activates the MAG-FYN axis and increases downstream MYRF protein.
FYN,MYRF_protein,Indirectly increases MYRF protein abundance,indirect effect,positive,protein,Moderate,https://pmc.ncbi.nlm.nih.gov/articles/PMC9976406/,FYN activity is associated with increased MYRF protein without direct transcriptional evidence.
MAPK1,MYRF_gene,Indirectly regulates MYRF gene,indirect effect,positive,transcription,Moderate,https://pmc.ncbi.nlm.nih.gov/articles/PMC4244469/,Combined ERK1-ERK2 manipulation alters MYRF expression with individual contributions unresolved.
MAPK3,MYRF_gene,Indirectly regulates MYRF gene,indirect effect,positive,transcription,Moderate,https://pmc.ncbi.nlm.nih.gov/articles/PMC4244469/,Combined ERK1-ERK2 manipulation alters MYRF expression with individual contributions unresolved.
MYRF_protein,RFFL,Gene regulated by MYRF,expression,positive,transcription,Strong,https://journals.plos.org/plosbiology/article?id=10.1371/journal.pbio.1001625,MYRF occupancy and motif-dependent enhancer assays support direct RFFL activation.
MYRF_protein,NFASC,Gene regulated by MYRF,expression,positive,transcription,Strong,https://journals.plos.org/plosbiology/article?id=10.1371/journal.pbio.1001625,MYRF occupancy and motif-dependent enhancer assays support direct NFASC activation.
MYRF_protein,GJC2,Gene regulated by MYRF,expression,positive,transcription,Strong,https://pmc.ncbi.nlm.nih.gov/articles/PMC3814293/,MYRF and SOX10 cooperatively activate the GJC2 regulatory element.
MYRF_protein,GJB1,Gene regulated by MYRF,expression,positive,transcription,Strong,https://pmc.ncbi.nlm.nih.gov/articles/PMC3814293/,MYRF and SOX10 cooperatively activate the GJB1 regulatory element.
MYRF_protein,MPZ,Represses promoter/enhancer activity in reporter assays,repression,negative,transcription,Moderate,https://pmc.ncbi.nlm.nih.gov/articles/PMC3814293/,MYRF reduces SOX10-responsive MPZ promoter activity in heterologous reporter assays.
MYRF_protein,EGR2,Represses promoter/enhancer activity in reporter assays,repression,negative,transcription,Moderate,https://pmc.ncbi.nlm.nih.gov/articles/PMC3814293/,MYRF reduces SOX10-responsive EGR2 MSE activity in heterologous reporter assays.
MYRF_protein,TGFB2,Represses SOX10-dependent TGFB2 expression,repression,negative,transcription,Strong,https://pmc.ncbi.nlm.nih.gov/articles/PMC7026603/,MYRF functionally represses SOX10-dependent TGFB2 without binding the tested regulatory region.
MYRF_protein,ID4,Represses SOX10-dependent ID4 expression,repression,negative,transcription,Strong,https://pmc.ncbi.nlm.nih.gov/articles/PMC7026603/,MYRF functionally represses SOX10-dependent ID4 without binding the tested regulatory region.
MYRF_protein,WNT7A,Represses SOX10-dependent WNT7A expression,repression,negative,transcription,Strong,https://pmc.ncbi.nlm.nih.gov/articles/PMC7026603/,MYRF functionally represses SOX10-dependent WNT7A without binding the tested regulatory region.
MYRF_protein,CSPG4,Represses SOX10-dependent CSPG4 expression,repression,negative,transcription,Strong,https://pmc.ncbi.nlm.nih.gov/articles/PMC7026603/,MYRF functionally represses SOX10-dependent CSPG4 during oligodendrocyte differentiation.
MYRF_protein,PDGFRA,Represses SOX10-dependent PDGFRA expression,repression,negative,transcription,Strong,https://pmc.ncbi.nlm.nih.gov/articles/PMC7026603/,MYRF functionally represses SOX10-dependent PDGFRA during oligodendrocyte differentiation.
FBXW7,MYRF_protein,Ubiquitinates and promotes proteasomal degradation of MYRF protein,ubiquitination,negative,protein,Strong,https://pmc.ncbi.nlm.nih.gov/articles/PMC12370921/,FBXW7 binds MYRF and promotes its ubiquitination and proteasomal degradation.
MYRF_gene,MYRF_protein,gene_to_protein_expression,expression,positive,gene,Strong,https://journals.plos.org/plosbiology/article?id=10.1371/journal.pbio.1001625,MYRF precursor expression and autocleavage produce the active nuclear N-terminal transcription factor.
