"Gene_Symbol","Aliases_or_Notes","Original_Label","Ensembl_ID","Source_Bucket","Pathway_Position","Primary_Relationship_to_MYRF","Direction","Regulation_Level","All_Relationships","Evidence_Strength","Pathway_Role","Notes","References","Reference_Count"
"MYRF","Myelin Regulatory Factor (gene + autoproteolyzed N-terminal TF)","MYRF","ENSG00000124920","Primary literature","Center","Self","","transcription + protein","Master regulator of OL terminal differentiation; activated by autoproteolytic cleavage; N-terminal fragment translocates to nucleus","Strong","Master regulator — gene + autoproteolyzed N-terminal nuclear TF","MYRF is an ER-membrane precursor that self-cleaves; the N-terminal trimer enters the nucleus and activates myelin genes.","https://journals.plos.org/plosbiology/article?id=10.1371/journal.pbio.1001625 ; https://www.uniprot.org/uniprotkb/Q9Y2Y6/entry",2
"RAD21","","RAD21","ENSG00000164754","hTFtarget (binding TFs of MYRF locus)","","","","","","Moderate","Cohesin subunit — chromatin looping context for myelin gene activation","","https://elifesciences.org/articles/77848",1
"TMEM98","","TMEM98","ENSG00000006042","Primary literature","Upstream","Regulates MYRF protein","negative","protein","Regulates MYRF protein (negative)","Strong","Upstream protein-level inhibitor (binds C-term, blocks autocleavage)","TMEM98 binds the MYRF C-terminal region and inhibits autocleavage and nuclear translocation.","https://pubmed.ncbi.nlm.nih.gov/30249802/",1
"POLR2A","","POLR2A","ENSG00000181222","hTFtarget (binding TFs of MYRF locus)","","","","","","Weak","General TF (filtered out as non-specific)","","https://www.ncbi.nlm.nih.gov/gene/5430",1
"CTCF","","CTCF","ENSG00000102974","hTFtarget (binding TFs of MYRF locus)","","","","","","Weak","Chromatin architecture (filtered out as non-specific)","","https://www.nature.com/articles/emm201533",1
"SPI1","","SPI1","ENSG00000066336","hTFtarget (binding TFs of MYRF locus)","","","","","","Weak","Hematopoietic TF (filtered out as non-specific)","","",0
"MAX","","MAX","ENSG00000125952","hTFtarget (binding TFs of MYRF locus)","","","","","","Weak","MYC partner (filtered out as non-specific)","","https://www.genecards.org/cgi-bin/carddisp.pl?gene=MAX",1
"USF1","","USF1","ENSG00000158773","hTFtarget (binding TFs of MYRF locus)","","","","","","Weak","Ubiquitous TF (filtered out as non-specific)","","https://www.genecards.org/cgi-bin/carddisp.pl?gene=USF1",1
"MAG","","MAG","ENSG00000105695","Primary literature","Upstream","Indirectly increases MYRF protein abundance","positive","protein","Indirectly increases MYRF protein abundance (positive); Gene regulated by MYRF (positive)","Moderate","Upstream signaling component in the ANGPTL2-MAG-FYN axis","MAG overexpression increased MYRF protein; the connection from MAG/FYN to MYRF remains mechanistically unresolved.","https://pmc.ncbi.nlm.nih.gov/articles/PMC9976406/",1
"MAG","","MAG","ENSG00000105695","Excluded after literature audit","Excluded","Regulates myrf/MYRF (unknown mechanism)","positive","unknown","Indirectly regulates MYRF gene (positive); Regulates myrf/MYRF (unknown mechanism) (positive); Gene regulated by MYRF (positive)","Excluded","Direct myelin target — Myelin-Associated Glycoprotein","Excluded: duplicate representation of the same MAG-FYN-MYRF signaling observation; the unresolved mechanism is documented on the retained indirect protein-level edge.","https://pmc.ncbi.nlm.nih.gov/articles/PMC9976406/ ; https://journals.plos.org/plosbiology/article?id=10.1371/journal.pbio.1001625",2
"MAG","","MAG","ENSG00000105695","Primary literature","Downstream","Gene regulated by MYRF","positive","transcription","Indirectly increases MYRF protein abundance (positive); Gene regulated by MYRF (positive)","Strong","Direct myelin target — Myelin-Associated Glycoprotein","MYRF ChIP-seq occupancy and functional enhancer assays support MAG as a direct MYRF target.","https://journals.plos.org/plosbiology/article?id=10.1371/journal.pbio.1001625",1
"LPAR1","","LPAR1","ENSG00000198121","Table S3 (MYRF ChIP peaks; rat)","","","","","","Moderate","Lipid-signalling target candidate","","https://pubmed.ncbi.nlm.nih.gov/25226845/",1
"PPP1R14A","","PPP1R14A","ENSG00000167772","Table S3 (MYRF ChIP peaks; rat)","","","","","","Moderate","PP1 inhibitor — pro-myelination candidate target","","https://pmc.ncbi.nlm.nih.gov/articles/PMC4373955/ ; https://pmc.ncbi.nlm.nih.gov/articles/PMC7830029/",2
"CDK18","","CDK18","ENSG00000117266","Table S3 (MYRF ChIP peaks; rat)","","","","","","Moderate","OL-restricted kinase candidate target","","https://pubmed.ncbi.nlm.nih.gov/31028571/",1
"RNF220","","RNF220","ENSG00000187147","Table S3 (MYRF ChIP peaks; rat)","","","","","","Moderate","E3 ligase candidate target","","https://pubmed.ncbi.nlm.nih.gov/38324685/",1
"GPR37","","GPR37","ENSG00000170775","Primary literature","Upstream","Indirectly regulates MYRF gene","negative","transcription","Indirectly regulates MYRF gene (negative)","Strong","GPCR; loss enhances ERK→MYRF (negative tone)","Absence of GPR37 results in enhanced ERK1/2 phosphorylation and translocation to the nucleus, and decrease in the level of the inhibitory bHLH factor Hes5, which negatively regulates Myrf | Looks like it negatively regulates Myrf","https://www.nature.com/articles/ncomms10884",1
"TF","Transferrin (Trf)","Trf (Transferin)","ENSG00000091513","Primary literature","Downstream","Gene regulated by MYRF","positive","transcription","Gene regulated by MYRF (positive)","Strong","Iron-handling target (Transferrin)","MYRF ChIP-seq occupancy and functional enhancer assays support TF as a direct transcriptional target.","https://journals.plos.org/plosbiology/article?id=10.1371/journal.pbio.1001625",1
"MOB3B","","MOB3B","ENSG00000120162","Table S3 (MYRF ChIP peaks; rat)","","","","","","Moderate","Mob-kinase candidate target","","https://pmc.ncbi.nlm.nih.gov/articles/PMC12206810/",1
"SEPT4","","SEPT4","ENSG00000108387","Table S3 (MYRF ChIP peaks; rat)","","","","","","Moderate","Septin scaffold candidate target","","",0
"DBNDD2","","DBNDD2","ENSG00000244274","Table S3 (MYRF ChIP peaks; rat)","","","","","","Moderate","Late-OL marker candidate target","","https://pmc.ncbi.nlm.nih.gov/articles/PMC6301721/",1
"CNTN2","","CNTN2","ENSG00000184144","Primary literature","Downstream","Gene regulated by MYRF","positive","transcription","Gene regulated by MYRF (positive)","Strong","Axon-glia adhesion target (TAG-1)","MYRF ChIP-seq occupancy and functional enhancer assays support CNTN2 as a direct transcriptional target.","https://journals.plos.org/plosbiology/article?id=10.1371/journal.pbio.1001625",1
"KIF21A","","KIF21A","ENSG00000139116","Table S3 (MYRF ChIP peaks; rat)","","","","","","Moderate","Kinesin trafficking candidate target","","",0
"PLP1","","PLP1","ENSG00000123560","Primary literature","Downstream","Gene regulated by MYRF","positive","transcription","Gene regulated by MYRF (positive)","Strong","Direct myelin target — Proteolipid protein 1 (major CNS myelin)","MYRF ChIP-seq occupancy and functional enhancer assays support PLP1 as a direct transcriptional target.","https://journals.plos.org/plosbiology/article?id=10.1371/journal.pbio.1001625",1
"MBP","","MBP","ENSG00000197971","Primary literature","Downstream","Gene regulated by MYRF","positive","transcription","Gene regulated by MYRF (positive)","Strong","Direct myelin target — Myelin Basic Protein","MYRF ChIP-seq occupancy and functional enhancer assays support MBP as a direct transcriptional target.","https://journals.plos.org/plosbiology/article?id=10.1371/journal.pbio.1001625",1
"SOX10","","SOX10","ENSG00000100146","Primary literature","Upstream","Directly activates MYRF gene transcription","positive","transcription","Directly activates MYRF gene transcription (positive); Physically interacts and functionally cooperates with MYRF protein (neutral)","Strong","Master OL TF; activates MYRF transcription and partners with MYRF protein","SOX10 binds the MYRF ECR9 enhancer and directly activates MYRF transcription.","https://pmc.ncbi.nlm.nih.gov/articles/PMC3814293/",1
"SOX10","","SOX10","ENSG00000100146","Primary literature","Upstream","Physically interacts and functionally cooperates with MYRF protein","neutral","protein","Directly activates MYRF gene transcription (positive); Physically interacts and functionally cooperates with MYRF protein (neutral)","Strong","Master OL TF; activates MYRF transcription and partners with MYRF protein","MYRF and SOX10 physically interact and cooperatively activate selected oligodendrocyte regulatory elements; this is an association, not directional protein activation.","https://pmc.ncbi.nlm.nih.gov/articles/PMC3814293/",1
"SOX10","","SOX10","ENSG00000100146","Excluded after literature audit","Excluded","Protein regulated by MYRF","positive","protein","Regulates MYRF gene (positive); Regulates MYRF protein (positive); Protein regulated by MYRF (positive)","Excluded","Master OL TF; activates MYRF transcription and partners with MYRF protein","Excluded: reverse directional activation duplicated the same physical MYRF-SOX10 association and was not independently supported.","https://pmc.ncbi.nlm.nih.gov/articles/PMC7026603/ ; https://pmc.ncbi.nlm.nih.gov/articles/PMC3814293/",2
"AATK","","AATK","ENSG00000181409","Primary literature","Downstream","Gene regulated by MYRF","positive","transcription","Gene regulated by MYRF (positive)","Strong","Pro-differentiation kinase target","","https://pmc.ncbi.nlm.nih.gov/articles/PMC7026603/ ; https://pubmed.ncbi.nlm.nih.gov/29556912/",2
"HES5","","HES5","ENSG00000197921","Primary literature","Upstream","Indirectly represses MYRF gene through the SOX10 axis","negative","transcription","Indirectly represses MYRF gene through the SOX10 axis (negative)","Moderate","Notch-effector inhibitor of OPC differentiation (suppresses SOX10 axis)","HES5 represses SOX10-dependent differentiation; the GPR37 study links reduced HES5 with increased MYRF, supporting an indirect negative edge.","https://www.nature.com/articles/ncomms10884",1
"ID2/ID4","","ID2/ID4","ENSG00000115738","GPT Deep Research","","","","","","Weak","OPC-state HLH inhibitors (pre-MYRF)","","",0
"SOX17","","SOX17","ENSG00000164736","GPT Deep Research","","","","","","Weak","Pro-differentiation Sox factor (transient)","","",0
"OLIG1/OLIG2","","OLIG1/OLIG2","ENSG00000184221","GPT Deep Research","","","","","","Weak","Lineage-specifying bHLH TFs (upstream of MYRF program)","","",0
"SOX5/SOX6","","SOX5/SOX6","ENSG00000134532","GPT Deep Research","","","","","","Weak","Stage-specific repressors in early OPCs","","",0
"ZEB2","","ZEB2","ENSG00000169554","GPT Deep Research","","","","","","Weak","Late OL maturation TF (Sip1)","","",0
"NKX2-2","NK2 homeobox 2","NKX2.2","ENSG00000125820","GPT Deep Research","","","","","","Weak","OPC TF (cooperates with OLIG2)","","",0
"ASCL1","","ASCL1","ENSG00000139352","GPT Deep Research","","","","","","Weak","Pro-neural / early OPC bHLH (Mash1)","","",0
"MOG","","MOG","ENSG00000204655","Primary literature","Downstream","Gene regulated by MYRF","positive","transcription","Gene regulated by MYRF (positive)","Strong","Myelin target — Myelin Oligodendrocyte Glycoprotein","MYRF ChIP-seq detected proximal occupancy and MYRF perturbation/overexpression supported positive MOG regulation.","https://journals.plos.org/plosbiology/article?id=10.1371/journal.pbio.1001625",1
"DUSP15","","DUSP15","ENSG00000149599","Primary literature","Downstream","Gene regulated by MYRF","positive","transcription","Gene regulated by MYRF (positive)","Strong","OL maturation target","The DUSP15 promoter contains functional MYRF and SOX10 sites and is cooperatively activated by both factors.","https://onlinelibrary.wiley.com/doi/10.1002/glia.23044",1
"SOX8","","SOX8","ENSG00000005513","Primary literature","Upstream","Indirectly supports MYRF gene expression","positive","transcription","Indirectly supports MYRF gene expression (positive)","Moderate","SoxE family; partial redundancy with SOX10","SOX8 partially compensates for SOX10 loss and supports residual MYRF/myelin-gene expression; direct MYRF enhancer binding was not shown.","https://pmc.ncbi.nlm.nih.gov/articles/PMC3814293/",1
"ANGPTL2","","ANGPTL2","ENSG00000136859","Primary literature","Upstream","Indirectly increases MYRF protein abundance","positive","protein","Indirectly increases MYRF protein abundance (positive)","Moderate","Ligand acting via FYN → MYRF axis","ANGPTL2 binds MAG, activates FYN, and increases downstream MYRF protein; the final link to MYRF remains unresolved.","https://pmc.ncbi.nlm.nih.gov/articles/PMC9976406/",1
"FYN","","FYN","ENSG00000010810","Excluded after literature audit","Excluded","Regulates MYRF gene","positive","transcription","Regulates MYRF gene (positive); Indirectly regulates MYRF gene (positive)","Excluded","Cytoplasmic Src-family kinase; signalling upstream of MYRF","Excluded: the source does not establish direct transcriptional regulation of MYRF by FYN; it supports one indirect protein-abundance edge.","https://pmc.ncbi.nlm.nih.gov/articles/PMC9976406/#Sec2",1
"FYN","","FYN","ENSG00000010810","Primary literature","Upstream","Indirectly increases MYRF protein abundance","positive","protein","Indirectly increases MYRF protein abundance (positive)","Moderate","Cytoplasmic Src-family kinase; signalling upstream of MYRF","FYN activation lies downstream of ANGPTL2-MAG and correlates with increased MYRF protein; direct MYRF transcription was not shown.","https://pmc.ncbi.nlm.nih.gov/articles/PMC9976406/",1
"MAPK1","ERK2","MAPK1 (ERK2)","ENSG00000100030","Primary literature","Upstream","Indirectly regulates MYRF gene","positive","transcription","Indirectly regulates MYRF gene (positive)","Moderate","ERK1/2 MAPK signalling that supports MYRF expression","Combined ERK1/2 manipulation altered MYRF expression; the individual MAPK1 contribution was not resolved.","https://pmc.ncbi.nlm.nih.gov/articles/PMC4244469/",1
"MAPK3","ERK1","MAPK3 (ERK1)","ENSG00000102882","Primary literature","Upstream","Indirectly regulates MYRF gene","positive","transcription","Indirectly regulates MYRF gene (positive)","Moderate","ERK1/2 MAPK signalling that supports MYRF expression","Combined ERK1/2 manipulation altered MYRF expression; the individual MAPK3 contribution was not resolved.","https://pmc.ncbi.nlm.nih.gov/articles/PMC4244469/",1
"RFFL","Ring finger and FYVE-like domain containing E3 ubiquitin protein ligase","Rffl","ENSG00000092871","Primary literature","Downstream","Gene regulated by MYRF","positive","transcription","Gene regulated by MYRF (positive)","Strong","MYRF-bound target (E3 ligase)","","https://journals.plos.org/plosbiology/article?id=10.1371/journal.pbio.1001625",1
"NFASC","Neurofascin","Nfasc","ENSG00000163531","Primary literature","Downstream","Gene regulated by MYRF","positive","transcription","Gene regulated by MYRF (positive)","Strong","Node-of-Ranvier target (Neurofascin)","","https://journals.plos.org/plosbiology/article?id=10.1371/journal.pbio.1001625",1
"GJC2","Gap junction gamma-2 (Cx-47); 1b promoter","Cx-47 1b","ENSG00000198835","Primary literature","Downstream","Gene regulated by MYRF","positive","transcription","Gene regulated by MYRF (positive)","Strong","Connexin-47 — direct myelin target","","https://pmc.ncbi.nlm.nih.gov/articles/PMC3814293/",1
"GJB1","Gap junction beta-1 (Cx-32); P2 promoter","Cx-32 P2","ENSG00000169562","Primary literature","Downstream","Gene regulated by MYRF","positive","transcription","Gene regulated by MYRF (positive)","Strong","Connexin-32 — PNS connexin (note: SC-relevant)","","https://pmc.ncbi.nlm.nih.gov/articles/PMC3814293/",1
"PLP1","Proteolipid protein 1; WmN1 enhancer locus","Plp (Wmn1)","ENSG00000123560","Excluded after literature audit","Excluded","Gene regulated by MYRF","positive","transcription","Gene regulated by MYRF (positive)","Excluded","Direct myelin target — Proteolipid protein 1 (major CNS myelin)","Excluded: WmN1 showed no MYRF-SOX10 synergy and this row duplicated the independently supported PLP1 target edge.","https://pmc.ncbi.nlm.nih.gov/articles/PMC3814293/",1
"MPZ","Myelin protein zero (PNS-restricted Schwann marker)","Mpz","ENSG00000158887","Primary literature","Downstream","Represses promoter/enhancer activity in reporter assays","negative","transcription","Represses promoter/enhancer activity in reporter assays (negative)","Moderate","Schwann-cell myelin gene — repressed by MYRF in OL context","MYRF reduced SOX10-responsive Schwann-cell regulatory element activity in heterologous reporter assays; in-vivo gene repression was not established.","https://pmc.ncbi.nlm.nih.gov/articles/PMC3814293/",1
"EGR2","Early growth response 2 (Krox20); MSE enhancer","Krox20 (MSE)","ENSG00000122877","Primary literature","Downstream","Represses promoter/enhancer activity in reporter assays","negative","transcription","Represses promoter/enhancer activity in reporter assays (negative)","Moderate","Schwann-cell master TF (Krox20) — repressed by MYRF in OL context","MYRF reduced SOX10-responsive Schwann-cell regulatory element activity in heterologous reporter assays; in-vivo gene repression was not established.","https://pmc.ncbi.nlm.nih.gov/articles/PMC3814293/",1
"TGFB2","Transforming growth factor beta 2","Tgfb2","ENSG00000092969","Primary literature","Downstream","Represses SOX10-dependent TGFB2 expression","negative","transcription","Represses SOX10-dependent TGFB2 expression (negative)","Strong","Pro-OPC factor — down-regulated as OPCs mature (MYRF context)","Functional repression was observed in reporter assays and primary oligodendrocytes; MYRF did not bind the examined regulatory region.","https://pmc.ncbi.nlm.nih.gov/articles/PMC7026603/",1
"ID4","Inhibitor of DNA binding 4","Id4","ENSG00000172201","Primary literature","Downstream","Represses SOX10-dependent ID4 expression","negative","transcription","Represses SOX10-dependent ID4 expression (negative)","Strong","OPC-state inhibitor of differentiation — down with MYRF activity","Functional repression was observed in reporter assays and primary oligodendrocytes; MYRF did not bind the examined regulatory region.","https://pmc.ncbi.nlm.nih.gov/articles/PMC7026603/",1
"WNT7A","Wnt family member 7A","Wnt7a","ENSG00000154764","Primary literature","Downstream","Represses SOX10-dependent WNT7A expression","negative","transcription","Represses SOX10-dependent WNT7A expression (negative)","Strong","OPC-state factor — down with MYRF activity","Functional repression was observed in reporter assays and primary oligodendrocytes; MYRF did not bind the examined regulatory region.","https://pmc.ncbi.nlm.nih.gov/articles/PMC7026603/",1
"CSPG4","Chondroitin sulfate proteoglycan 4 (NG2)","Cspg4","ENSG00000173546","Primary literature","Downstream","Represses SOX10-dependent CSPG4 expression","negative","transcription","Represses SOX10-dependent CSPG4 expression (negative)","Strong","OPC marker (NG2) — down with MYRF activity","Functional repression was observed in reporter assays and primary oligodendrocytes; MYRF did not bind the examined regulatory region.","https://pmc.ncbi.nlm.nih.gov/articles/PMC7026603/",1
"PDGFRA","Platelet-derived growth factor receptor alpha","Pdgfra","ENSG00000134853","Primary literature","Downstream","Represses SOX10-dependent PDGFRA expression","negative","transcription","Represses SOX10-dependent PDGFRA expression (negative)","Strong","OPC marker — down with MYRF activity","Functional repression was observed in reporter assays and primary oligodendrocytes; MYRF did not bind the examined regulatory region.","https://pmc.ncbi.nlm.nih.gov/articles/PMC7026603/",1
"FBXW7","","FBXW7","ENSG00000109670","Primary literature","Upstream","Ubiquitinates and promotes proteasomal degradation of MYRF protein","negative","protein","Ubiquitinates and promotes proteasomal degradation of MYRF protein (negative)","Strong","Upstream E3 ubiquitin ligase controlling MYRF protein stability","FBXW7 binds the MYRF N-terminal fragment, promotes ubiquitination and proteasomal degradation, and reduces MYRF protein stability.","https://pmc.ncbi.nlm.nih.gov/articles/PMC12370921/ ; https://pmc.ncbi.nlm.nih.gov/articles/PMC5900774/",2
