"source","target","gene_symbol","pathway_position","primary_relationship","direction","regulation_level","confidence","source_bucket","source_urls","notes"
"TMEM98","MYRF_protein","TMEM98","Upstream","Regulates MYRF protein","negative","protein","Strong","hTFtarget (binding TFs of MYRF locus)","https://pubmed.ncbi.nlm.nih.gov/30249802/ ; https://www.uniprot.org/uniprotkb/Q9Y2Y6/entry","Coexpressed with SOX10. Bind to C-terminal of MYRF"
"MAG","MYRF_gene","MAG","Upstream","Indirectly regulates MYRF gene","positive","transcription","Strong","Table S3 (MYRF ChIP peaks; rat)","https://pmc.ncbi.nlm.nih.gov/articles/PMC9976406/ ; https://journals.plos.org/plosbiology/article?id=10.1371/journal.pbio.1001625","Interact with FYN"
"MAG","MYRF_gene","MAG","Upstream","Regulates myrf/MYRF (unknown mechanism)","positive","unknown","Strong","Table S3 (MYRF ChIP peaks; rat)","https://pmc.ncbi.nlm.nih.gov/articles/PMC9976406/ ; https://journals.plos.org/plosbiology/article?id=10.1371/journal.pbio.1001625","Interact with FYN"
"MYRF_protein","MAG","MAG","Downstream","Gene regulated by MYRF","positive","transcription","Strong","Table S3 (MYRF ChIP peaks; rat)","https://pmc.ncbi.nlm.nih.gov/articles/PMC9976406/ ; https://journals.plos.org/plosbiology/article?id=10.1371/journal.pbio.1001625","Interact with FYN"
"GPR37","MYRF_gene","GPR37","Upstream","Indirectly regulates MYRF gene","negative","transcription","Strong","Table S3 (MYRF ChIP peaks; rat)","https://www.nature.com/articles/ncomms10884","Absence of GPR37 results in enhanced ERK1/2 phosphorylation and translocation to the nucleus, and decrease in the level of the inhibitory bHLH factor Hes5, which negatively regulates Myrf | Looks like it negatively regulates Myrf"
"MYRF_protein","TF","TF","Downstream","Gene regulated by MYRF","positive","transcription","Strong","Table S3 (MYRF ChIP peaks; rat)","https://journals.plos.org/plosbiology/article?id=10.1371/journal.pbio.1001625 ; https://pubmed.ncbi.nlm.nih.gov/36977582/ ; https://pmc.ncbi.nlm.nih.gov/articles/PMC12052213/#pgen.1011670.g004","In four cases (Mag, Rffl, and the two Nfasc peaks) PCR mutagenesis of the CTGGYAC motif completely abolished the effect of MYRF. In the other two cases (Cntn2 and Trf), mutation of the motif had no effect on the ability of MYRF to enhance transcription from these DNA regions, however other close matches for the CTGGYAC motif present in these enhancers may suggest redundancy in binding and explain the retained function."
"MYRF_protein","CNTN2","CNTN2","Downstream","Gene regulated by MYRF","positive","transcription","Strong","Table S3 (MYRF ChIP peaks; rat)","https://pubmed.ncbi.nlm.nih.gov/29165835/ ; https://journals.plos.org/plosbiology/article?id=10.1371/journal.pbio.1001625",""
"MYRF_protein","PLP1","PLP1","Downstream","Gene regulated by MYRF","positive","transcription","Strong","Table S3 (MYRF ChIP peaks; rat)","https://journals.plos.org/plosbiology/article?id=10.1371/journal.pbio.1001625 ; https://pubmed.ncbi.nlm.nih.gov/34230963/",""
"MYRF_protein","MBP","MBP","Downstream","Gene regulated by MYRF","positive","transcription","Strong","Table S3 (MYRF ChIP peaks; rat)","https://journals.plos.org/plosbiology/article?id=10.1371/journal.pbio.1001625 ; https://pmc.ncbi.nlm.nih.gov/articles/PMC7446974/",""
"SOX10","MYRF_gene","SOX10","Upstream","Regulates MYRF gene","positive","transcription","Strong","GPT Deep Research","https://pmc.ncbi.nlm.nih.gov/articles/PMC7026603/ ; https://pmc.ncbi.nlm.nih.gov/articles/PMC3814293/","Myrf is not only genetically downstream of Sox10, but also represents a direct Sox10 target gene. The combination of Sox10 and Myrf led to a dramatic synergistic activation of the Cx-47 1b, the Cx-32 P2 and the Mag promoter. Other regulatory regions such as the Plp WmN1 enhancer and the 3 kb Mbp upstream region did not exhibit a synergistic response in the presence of Sox10 and Myrf. The Mpz promoter and the MSE enhancer of the Krox20 gene as Schwann cell-specific regulatory regions were even reduced in their activity by Myrf, and were less Sox10-responsive in the presence of Myrf."
"SOX10","MYRF_protein","SOX10","Upstream","Regulates MYRF protein","positive","protein","Strong","GPT Deep Research","https://pmc.ncbi.nlm.nih.gov/articles/PMC7026603/ ; https://pmc.ncbi.nlm.nih.gov/articles/PMC3814293/","Myrf is not only genetically downstream of Sox10, but also represents a direct Sox10 target gene. The combination of Sox10 and Myrf led to a dramatic synergistic activation of the Cx-47 1b, the Cx-32 P2 and the Mag promoter. Other regulatory regions such as the Plp WmN1 enhancer and the 3 kb Mbp upstream region did not exhibit a synergistic response in the presence of Sox10 and Myrf. The Mpz promoter and the MSE enhancer of the Krox20 gene as Schwann cell-specific regulatory regions were even reduced in their activity by Myrf, and were less Sox10-responsive in the presence of Myrf."
"MYRF_protein","SOX10","SOX10","Downstream","Protein regulated by MYRF","positive","protein","Strong","GPT Deep Research","https://pmc.ncbi.nlm.nih.gov/articles/PMC7026603/ ; https://pmc.ncbi.nlm.nih.gov/articles/PMC3814293/","Myrf is not only genetically downstream of Sox10, but also represents a direct Sox10 target gene. The combination of Sox10 and Myrf led to a dramatic synergistic activation of the Cx-47 1b, the Cx-32 P2 and the Mag promoter. Other regulatory regions such as the Plp WmN1 enhancer and the 3 kb Mbp upstream region did not exhibit a synergistic response in the presence of Sox10 and Myrf. The Mpz promoter and the MSE enhancer of the Krox20 gene as Schwann cell-specific regulatory regions were even reduced in their activity by Myrf, and were less Sox10-responsive in the presence of Myrf."
"MYRF_protein","AATK","AATK","Downstream","Gene regulated by MYRF","positive","transcription","Strong","GPT Deep Research","https://pmc.ncbi.nlm.nih.gov/articles/PMC7026603/ ; https://pubmed.ncbi.nlm.nih.gov/29556912/",""
"HES5","MYRF_gene","HES5","Upstream","Indirectly regulates MYRF gene","negative","transcription","Strong","GPT Deep Research","https://www-nature-com.libproxy1.nus.edu.sg/articles/ncomms10884#Sec1","The repressive effect of Hes5 on Mash1 and Sox10 expression was dependent on its ability to bind to DNA, because overexpression of tHes5 did not affect the levels of these two activators, even though it still inhibited myelin promoter activity. An alternative possibility was to hypothesize the existence of a mechanism of repression owing to Hes5-dependent sequestration of Sox10."
"MYRF_protein","MOG","MOG","Downstream","Gene regulated by MYRF","positive","transcription","Strong","UniProt","https://www.uniprot.org/uniprotkb/Q9Y2G1/entry",""
"MYRF_protein","DUSP15","DUSP15","Downstream","Gene regulated by MYRF","positive","transcription","Strong","UniProt","https://www.uniprot.org/uniprotkb/Q9Y2G1/entry",""
"SOX8","MYRF_gene","SOX8","Upstream","Regulates myrf/MYRF (unknown mechanism)","positive","unknown","Strong","Various literatures","https://pmc.ncbi.nlm.nih.gov/articles/PMC3814293/","The residual myelin gene expression in the absence of Sox10 was completely lost when Sox8 was additionally deleted. Again this confirms previous findings that the two closely related Sox proteins participate in OL development and perform partially redundant functions. Previous findings had already established that the impact of Sox10 on OL development is stronger than the impact of Sox8, and that both proteins have similar, but not identical functions. This agrees with our finding that Sox8 allows some minor degree of myelin gene expression in the absence of Sox10, but no myelin formation."
"ANGPTL2","MYRF_gene","ANGPTL2","Upstream","Indirectly regulates MYRF gene","positive","transcription","Strong","Various literatures","https://pmc.ncbi.nlm.nih.gov/articles/PMC9976406/","Regulate via FYN"
"FYN","MYRF_gene","FYN","Upstream","Regulates MYRF gene","positive","transcription","Strong","Various literatures","https://pmc.ncbi.nlm.nih.gov/articles/PMC9976406/#Sec2",""
"FYN","MYRF_gene","FYN","Upstream","Indirectly regulates MYRF gene","positive","transcription","Strong","Various literatures","https://pmc.ncbi.nlm.nih.gov/articles/PMC9976406/#Sec2",""
"MAPK1","MYRF_gene","MAPK1","Upstream","Indirectly regulates MYRF gene","positive","transcription","Strong","Various literatures","https://pmc.ncbi.nlm.nih.gov/articles/PMC4244469/","Myrf mRNA levels increased incrementally with increasing Mek gene dosage (ERK1/2)"
"MAPK3","MYRF_gene","MAPK3","Upstream","Indirectly regulates MYRF gene","positive","transcription","Strong","Various literatures","https://pmc.ncbi.nlm.nih.gov/articles/PMC4244469/","Myrf mRNA levels increased incrementally with increasing Mek gene dosage (ERK1/2)"
"MYRF_protein","RFFL","RFFL","Downstream","Gene regulated by MYRF","positive","transcription","Strong","Various literatures","https://journals.plos.org/plosbiology/article?id=10.1371/journal.pbio.1001625",""
"MYRF_protein","NFASC","NFASC","Downstream","Gene regulated by MYRF","positive","transcription","Strong","Various literatures","https://journals.plos.org/plosbiology/article?id=10.1371/journal.pbio.1001625",""
"MYRF_protein","GJC2","GJC2","Downstream","Gene regulated by MYRF","positive","transcription","Strong","Various literatures","https://pmc.ncbi.nlm.nih.gov/articles/PMC3814293/",""
"MYRF_protein","GJB1","GJB1","Downstream","Gene regulated by MYRF","positive","transcription","Strong","Various literatures","https://pmc.ncbi.nlm.nih.gov/articles/PMC3814293/",""
"MYRF_protein","MPZ","MPZ","Downstream","Gene regulated by MYRF","negative","transcription","Strong","Various literatures","https://pmc.ncbi.nlm.nih.gov/articles/PMC3814293/",""
"MYRF_protein","EGR2","EGR2","Downstream","Gene regulated by MYRF","negative","transcription","Strong","Various literatures","https://pmc.ncbi.nlm.nih.gov/articles/PMC3814293/",""
"MYRF_protein","TGFB2","TGFB2","Downstream","Gene regulated by MYRF","negative","transcription","Strong","Various literatures","https://pmc.ncbi.nlm.nih.gov/articles/PMC7026603/",""
"MYRF_protein","ID4","ID4","Downstream","Gene regulated by MYRF","negative","transcription","Strong","Various literatures","https://pmc.ncbi.nlm.nih.gov/articles/PMC7026603/",""
"MYRF_protein","WNT7A","WNT7A","Downstream","Gene regulated by MYRF","negative","transcription","Strong","Various literatures","https://pmc.ncbi.nlm.nih.gov/articles/PMC7026603/",""
"MYRF_protein","CSPG4","CSPG4","Downstream","Gene regulated by MYRF","negative","transcription","Strong","Various literatures","https://pmc.ncbi.nlm.nih.gov/articles/PMC7026603/",""
"MYRF_protein","PDGFRA","PDGFRA","Downstream","Gene regulated by MYRF","negative","transcription","Strong","Various literatures","https://pmc.ncbi.nlm.nih.gov/articles/PMC7026603/",""
"FBXW7","MYRF_gene","FBXW7","Upstream","Regulates MYRF gene","negative","transcription","Strong","Gemini","https://pmc.ncbi.nlm.nih.gov/articles/PMC12370921/",""
"MYRF_gene","MYRF_protein","MYRF","Center","gene_to_protein_expression","positive","gene","Strong","biology","","Biological fact: MYRF undergoes autoproteolytic cleavage; N-terminal fragment translocates to nucleus as active TF."
